{
    "parent": "code:main/0008-iron_pickaxe",
    "display": {
        "icon": {
            "count": 1,
            "id": "minecraft:emerald"
        },
        "title": {
            "translate": "main.minerals.0002-2-emerald"
        },
        "description": {
            "translate": "main.minerals.0002-2-emerald.d"
        },
        "announce_to_chat": true,
        "show_toast": true,
        "frame": "goal"
    },
    "criteria": {
        "get": {
            "trigger": "minecraft:inventory_changed",
            "conditions": {
                "items": [
                    {
                        "items": "minecraft:emerald"
                    }
                ]
            }
        }
    },
    "requirements": [
        [
            "get"
        ]
    ]
}