{
    "parent": "code:main/minerals/0002-1-gold-1",
    "display": {
        "icon": {
            "count": 1,
            "id": "minecraft:gold_ingot"
        },
        "title": {
            "translate": "main.minerals.0002-1-gold-2"
        },
        "description": {
            "translate": "main.minerals.0002-1-gold-2.d"
        },
        "announce_to_chat": true,
        "show_toast": true,
        "frame": "challenge"
    },
    "criteria": {
        "get": {
            "trigger": "minecraft:inventory_changed",
            "conditions": {
                "items": [
                    {
                        "items": "minecraft:gold_ingot",
                        "count": {
                            "min": 64
                        }
                    }
                ],
                "slots": {
                    "full": {
                        "min": 3
                    }
                }
            }
        }
    },
    "requirements": [
        [
            "get"
        ]
    ]
}