{
    "parent": "code:main/minerals/0003-2-ancient_debris",
    "display": {
        "icon": {
            "count": 1,
            "id": "minecraft:netherite_scrap"
        },
        "title": {
            "translate": "main.minerals.0003-3-netherite"
        },
        "description": {
            "translate": "main.minerals.0003-3-netherite.d"
        },
        "announce_to_chat": true,
        "show_toast": true,
        "frame": "task"
    },
    "criteria": {
        "get": {
            "trigger": "minecraft:inventory_changed",
            "conditions": {
                "items": [
                    {
                        "items": "minecraft:netherite_scrap"
                    }
                ]
            }
        }
    },
    "requirements": [
        [
            "get"
        ]
    ]
}