{
    "parent": "code:main/stones/0005-lv5",
    "display": {
        "icon": {
            "count": 1,
            "id": "minecraft:cobblestone"
        },
        "title": "采石工 6级",
        "description": "在物品栏内获得25组原石",
        "announce_to_chat": true,
        "show_toast": true,
        "frame": "challenge"
    },
    "criteria": {
        "l": {
            "trigger": "minecraft:inventory_changed",
            "conditions": {
                "items": [
                    {
                        "items": "minecraft:cobblestone",
                        "count": {
                            "min": 64
                        }
                    }
                ],
                "slots": {
                    "full": {
                        "min": 25
                    }
                }
            }
        }
    },
    "requirements": [
        [
            "l"
        ]
    ]
}