{
    "parent": "code:main/root",
    "display": {
        "icon": {
            "count": 1,
            "id": "minecraft:book"
        },
        "title": "§6任务解锁！\n§9主线 旅途，探索与故事",
        "description": "开始了？",
        "announce_to_chat": false,
        "show_toast": true,
        "frame": "task"
    },
    "criteria": {
        "l": {
            "trigger": "minecraft:location",
            "conditions": {
                "player": {
                    "location": {
                        "dimension": "minecraft:overworld"
                    }
                }
            }
        }
    },
    "requirements": [
        [
            "l"
        ]
    ]
}