{
    "parent": "code:main/0000-task",
    "display": {
        "icon": {
            "count": 1,
            "id": "minecraft:oak_log"
        },
        "title": "获取第一份资源",
        "description": "获得任意类型的原木",
        "announce_to_chat": true,
        "show_toast": true,
        "frame": "task"
    },
    "criteria": {
        "l": {
            "trigger": "minecraft:inventory_changed",
            "conditions": {
                "items": [
                    {
                        "items": "#minecraft:logs"
                    }
                ]
            }
        }
    },
    "requirements": [
        [
            "l"
        ]
    ]
}