{
    "parent": "code:main/0003-crafting",
    "display": {
        "icon": {
            "count": 1,
            "id": "minecraft:wooden_pickaxe"
        },
        "title": "只需要挖3个石头的镐子！",
        "description": "获得木镐",
        "announce_to_chat": true,
        "show_toast": true,
        "frame": "task"
    },
    "criteria": {
        "l": {
            "trigger": "minecraft:inventory_changed",
            "conditions": {
                "items": [
                    {
                        "items": "minecraft:wooden_pickaxe"
                    }
                ]
            }
        }
    },
    "requirements": [
        [
            "l"
        ]
    ]
}