{
    "parent": "code:main/0001-wood",
    "display": {
        "icon": {
            "count": 1,
            "id": "minecraft:oak_planks"
        },
        "title": "一个原木，四个……",
        "description": "获得任意类型的木板",
        "announce_to_chat": true,
        "show_toast": true,
        "frame": "task"
    },
    "criteria": {
        "l": {
            "trigger": "minecraft:inventory_changed",
            "conditions": {
                "items": [
                    {
                        "items": "#minecraft:planks"
                    }
                ]
            }
        }
    },
    "requirements": [
        [
            "l"
        ]
    ]
}