{
    "parent": "code:main/0005-cobblestone",
    "display": {
        "icon": {
            "count": 1,
            "id": "minecraft:cobblestone"
        },
        "title": "够了，住手！",
        "description": "获得3个原石",
        "announce_to_chat": true,
        "show_toast": true,
        "frame": "task"
    },
    "criteria": {
        "l": {
            "trigger": "minecraft:inventory_changed",
            "conditions": {
                "items": [
                    {
                        "items": "minecraft:cobblestone",
                        "count": {
                            "min": 3
                        }
                    }
                ]
            }
        }
    },
    "requirements": [
        [
            "l"
        ]
    ]
}