{
    "parent": "code:main/0006-cobblestones",
    "display": {
        "icon": {
            "count": 1,
            "id": "minecraft:stone_pickaxe"
        },
        "title": "好用多了……至少是现在",
        "description": "获得石镐",
        "announce_to_chat": true,
        "show_toast": true,
        "frame": "goal"
    },
    "criteria": {
        "l": {
            "trigger": "minecraft:inventory_changed",
            "conditions": {
                "items": [
                    {
                        "items": "minecraft:stone_pickaxe"
                    }
                ]
            }
        }
    },
    "requirements": [
        [
            "l"
        ]
    ]
}