{
    "parent": "code:main/stones/0007-lv7",
    "display": {
        "icon": {
            "count": 1,
            "id": "minecraft:book"
        },
        "title": "§6任务完成！\n§9支线 采石工",
        "description": "找到捷径了吗？",
        "announce_to_chat": false,
        "show_toast": true,
        "frame": "task"
    },
    "criteria": {
        "l": {
            "trigger": "minecraft:inventory_changed",
            "conditions": {
                "items": [
                    {
                        "items": "minecraft:cobblestone",
                        "count": {
                            "min": 64
                        }
                    }
                ],
                "slots": {
                    "full": {
                        "min": 36
                    }
                }
            }
        }
    },
    "requirements": [
        [
            "l"
        ]
    ]
}