{
    "parent": "code:main/0001-wood",
    "display": {
        "icon": {
            "count": 1,
            "id": "minecraft:oak_sapling"
        },
        "title": "无尽的原木",
        "description": "从树叶中获得树苗",
        "announce_to_chat": true,
        "show_toast": true,
        "frame": "task"
    },
    "criteria": {
        "l": {
            "trigger": "minecraft:inventory_changed",
            "conditions": {
                "items": [
                    {
                        "items": "#minecraft:saplings"
                    }
                ]
            }
        }
    },
    "requirements": [
        [
            "l"
        ]
    ]
}