{
    "parent": "code:main/tree/woods/0001-lv1",
    "display": {
        "icon": {
            "count": 1,
            "id": "minecraft:oak_log"
        },
        "title": "伐木工 2级",
        "description": "在物品栏内获得3组原木",
        "announce_to_chat": true,
        "show_toast": true,
        "frame": "challenge"
    },
    "criteria": {
        "l": {
            "trigger": "minecraft:inventory_changed",
            "conditions": {
                "items": [
                    {
                        "items": "#minecraft:logs",
                        "count": {
                            "min": 64
                        }
                    }
                ],
                "slots": {
                    "full": {
                        "min": 3
                    }
                }
            }
        }
    },
    "requirements": [
        [
            "l"
        ]
    ]
}