{
    "parent": "code:main/minerals/0001-3-iron",
    "display": {
        "icon": {
            "count": 1,
            "id": "minecraft:iron_chestplate"
        },
        "title": {
            "translate": "main.equip.0001-iron"
        },
        "description": {
            "translate": "main.equip.0001-iron.d"
        },
        "announce_to_chat": true,
        "show_toast": true,
        "frame": "task"
    },
    "criteria": {
        "iron_helmet": {
            "trigger": "minecraft:inventory_changed",
            "conditions": {
                "items": [
                    {
                        "items": "minecraft:iron_helmet"
                    }
                ]
            }
        },
        "iron_chestplate": {
            "trigger": "minecraft:inventory_changed",
            "conditions": {
                "items": [
                    {
                        "items": "minecraft:iron_chestplate"
                    }
                ]
            }
        },
        "iron_leggings": {
            "trigger": "minecraft:inventory_changed",
            "conditions": {
                "items": [
                    {
                        "items": "minecraft:iron_leggings"
                    }
                ]
            }
        },
        "iron_boots": {
            "trigger": "minecraft:inventory_changed",
            "conditions": {
                "items": [
                    {
                        "items": "minecraft:iron_boots"
                    }
                ]
            }
        }
    },
    "requirements": [
        [
            "iron_helmet",
            "iron_chestplate",
            "iron_leggings",
            "iron_boots"
        ]
    ]
}