{
    "parent": "code:main/0005-cobblestone",
    "display": {
        "icon": {
            "count": 1,
            "id": "minecraft:cobblestone"
        },
        "title": {
            "translate": "main.0006-cobblestones"
        },
        "description": {
            "translate": "main.0006-cobblestones.d"
        },
        "announce_to_chat": true,
        "show_toast": true,
        "frame": "task"
    },
    "criteria": {
        "get": {
            "trigger": "minecraft:inventory_changed",
            "conditions": {
                "items": [
                    {
                        "items": "minecraft:cobblestone",
                        "count": {
                            "min": 3
                        }
                    }
                ]
            }
        }
    },
    "requirements": [
        [
            "get"
        ]
    ]
}