{
    "parent": "code:main/minerals/0001-4-copper",
    "display": {
        "icon": {
            "count": 1,
            "id": "minecraft:copper_ingot"
        },
        "title": {
            "translate": "main.minerals.0001-4-copper-1"
        },
        "description": {
            "translate": "main.minerals.0001-4-copper-1.d"
        },
        "announce_to_chat": true,
        "show_toast": true,
        "frame": "challenge"
    },
    "criteria": {
        "get": {
            "trigger": "minecraft:inventory_changed",
            "conditions": {
                "items": [
                    {
                        "items": "minecraft:copper_ingot",
                        "count": 64
                    }
                ]
            }
        }
    },
    "requirements": [
        [
            "get"
        ]
    ]
}