{
    "parent": "code:main/minerals-01/0001-3-iron",
    "display": {
        "icon": {
            "count": 1,
            "id": "minecraft:iron_ingot"
        },
        "title": "工业化",
        "description": "获得64个铁锭",
        "announce_to_chat": true,
        "show_toast": true,
        "frame": "goal"
    },
    "criteria": {
        "l": {
            "trigger": "minecraft:inventory_changed",
            "conditions": {
                "items": [
                    {
                        "items": "minecraft:iron_ingot",
                        "count": 64
                    }
                ]
            }
        }
    },
    "requirements": [
        [
            "l"
        ]
    ]
}