{
    "parent": "code:main/minerals/0001-1-coal",
    "display": {
        "icon": {
            "count": 1,
            "id": "minecraft:coal"
        },
        "title": "炉火旺盛",
        "description": "获得64个煤炭",
        "announce_to_chat": true,
        "show_toast": true,
        "frame": "challenge"
    },
    "criteria": {
        "l": {
            "trigger": "minecraft:inventory_changed",
            "conditions": {
                "items": [
                    {
                        "items": "minecraft:coal",
                        "count": 64
                    }
                ]
            }
        }
    },
    "requirements": [
        [
            "l"
        ]
    ]
}