{
    "parent": "code:main/minerals/0001-4-copper",
    "display": {
        "icon": {
            "count": 1,
            "id": "minecraft:copper_ingot"
        },
        "title": "铜器时代？",
        "description": "获得64个铜锭",
        "announce_to_chat": true,
        "show_toast": true,
        "frame": "challenge"
    },
    "criteria": {
        "l": {
            "trigger": "minecraft:inventory_changed",
            "conditions": {
                "items": [
                    {
                        "items": "minecraft:copper_ingot",
                        "count": 64
                    }
                ]
            }
        }
    },
    "requirements": [
        [
            "l"
        ]
    ]
}