{
    "parent": "code:main/minerals/0002-1-r_gold",
    "display": {
        "icon": {
            "count": 1,
            "id": "minecraft:gold_ingot"
        },
        "title": "金光闪闪",
        "description": "获得金锭",
        "announce_to_chat": true,
        "show_toast": true,
        "frame": "goal"
    },
    "criteria": {
        "l": {
            "trigger": "minecraft:inventory_changed",
            "conditions": {
                "items": [
                    {
                        "items": "minecraft:gold_ingot"
                    }
                ]
            }
        }
    },
    "requirements": [
        [
            "l"
        ]
    ]
}