{
  "parent": "minecraft:story/obtain_armor",
  "criteria": {
    "deflected_projectile": {
      "trigger": "minecraft:impossible"
    }
  },
  "display": {
    "description": {
      "translate": "advancements.story.deflect_arrow.description"
    },
    "icon": {
      "count": 1,
      "id": "minecraft:shield"
    },
    "title": {
      "translate": "advancements.story.deflect_arrow.title"
    }
  },
  "requirements": [
    [
      "deflected_projectile"
    ]
  ],
  "sends_telemetry_event": true
}