{
  "parent": "minecraft:story/smelt_iron",
  "criteria": {
    "iron_boots": {
      "trigger": "minecraft:impossible"
    },
    "iron_chestplate": {
      "trigger": "minecraft:impossible"
    },
    "iron_helmet": {
      "trigger": "minecraft:impossible"
    },
    "iron_leggings": {
      "trigger": "minecraft:impossible"
    }
  },
  "display": {
    "description": {
      "translate": "advancements.story.obtain_armor.description"
    },
    "icon": {
      "count": 1,
      "id": "minecraft:iron_chestplate"
    },
    "title": {
      "translate": "advancements.story.obtain_armor.title"
    }
  },
  "requirements": [
    [
      "iron_helmet",
      "iron_chestplate",
      "iron_leggings",
      "iron_boots"
    ]
  ],
  "sends_telemetry_event": true
}