{
    "parent": "code:main/tree/0001-sapling",
    "display": {
        "icon": {
            "count": 1,
            "id": "minecraft:oak_sapling"
        },
        "title": "绿色可持续化发展",
        "description": "种下树苗",
        "announce_to_chat": true,
        "show_toast": true,
        "frame": "goal"
    },
    "criteria": {
        "l": {
            "trigger": "minecraft:impossible",
            "conditions": {
                "id": "minecraft:oak_sapling"
            }
        }
    },
    "requirements": [
        [
            "l"
        ]
    ]
}