{
    "parent": "code:main/stones/0002-lv2",
    "display": {
        "icon": {
            "count": 1,
            "id": "minecraft:cobblestone"
        },
        "title": {
            "translate": "main.stones.0003-lv3"
        },
        "description": {
            "translate": "main.stones.0003-lv3.d"
        },
        "announce_to_chat": true,
        "show_toast": true,
        "frame": "challenge"
    },
    "criteria": {
        "get": {
            "trigger": "minecraft:inventory_changed",
            "conditions": {
                "items": [
                    {
                        "items": "minecraft:cobblestone",
                        "count": {
                            "min": 64
                        }
                    }
                ],
                "slots": {
                    "full": {
                        "min": 5
                    }
                }
            }
        }
    },
    "requirements": [
        [
            "get"
        ]
    ]
}